country,1990,1991,1992,1993,1994,1995,1996,1997,1998,1999,2000,2001,2002,2003,2004,2005,2006,2007,2008,2009,2010,2011,2012,2013,2014,2015
Afghanistan,0.21,0.183,0.0954,0.0844,0.0752,0.068,0.0619,0.0561,0.0522,0.0402,0.037,0.0376,0.0471,0.0509,0.0368,0.0515,0.0622,0.0838,0.152,0.238,0.29,0.406,0.345,0.28,0.253,0.262
Albania,1.68,1.31,0.775,0.731,0.612,0.67,0.651,0.498,0.563,0.956,0.966,1.03,1.2,1.38,1.34,1.38,1.27,1.29,1.46,1.47,1.56,1.79,1.69,1.69,1.9,1.6
Algeria,2.98,2.99,2.96,2.97,3.06,3.31,3.31,2.93,3.53,3,2.82,2.67,2.81,2.82,2.69,3.21,2.98,3.18,3.14,3.4,3.28,3.27,3.43,3.48,3.68,3.8
Andorra,7.47,7.18,6.91,6.74,6.49,6.66,7.06,7.24,7.66,7.98,8.02,7.79,7.59,7.32,7.36,7.3,6.75,6.52,6.43,6.12,6.12,5.87,5.92,5.9,5.83,5.97
Angola,0.43,0.414,0.408,0.44,0.286,0.786,0.725,0.494,0.474,0.576,0.581,0.571,0.72,0.496,0.998,0.979,1.1,1.2,1.18,1.23,1.24,1.25,1.35,1.28,1.64,1.22
Antigua and Barbuda,4.52,4.22,4.1,4.13,3.98,4,4.18,4.3,4.36,4.42,4.54,4.51,4.73,5.09,5.25,5.27,5.36,5.59,5.63,5.88,5.96,5.75,5.8,5.73,5.7,5.84
Argentina,3.43,3.54,3.61,3.46,3.55,3.67,3.82,3.86,3.87,4.02,3.85,3.58,3.3,3.54,4.08,4.15,4.45,4.39,4.7,4.42,4.57,4.61,4.6,4.56,4.56,4.64
Armenia,5.12,5.37,1.7,0.766,0.827,1.07,0.819,1.04,1.09,0.988,1.14,1.16,1.01,1.15,1.23,1.47,1.49,1.74,1.92,1.51,1.48,1.73,1.99,1.91,1.91,1.65
Australia,16.4,16.3,16.4,16.4,16.5,17,17.2,17.5,18,18.3,18.5,18.6,18.7,18.9,19.3,19.2,19.1,19.2,19,18.8,18.4,18,17.8,17.1,16.7,16.8
Austria,8.08,8.49,7.72,7.71,7.71,8.05,8.45,8.41,8.35,8.17,8.22,8.69,8.87,9.52,9.49,9.63,9.31,8.96,8.85,8.1,8.6,8.3,7.95,7.97,7.49,7.7
Azerbaijan,7.14,6.93,7.52,6.39,5.46,4.29,3.98,3.76,3.97,3.55,3.64,3.52,3.58,3.67,3.8,4.02,4.54,3.49,4.02,3.57,3.39,3.61,3.79,3.74,3.88,3.86
Bahamas,7.18,7.07,6.96,6.49,6.34,6.22,6.09,5.32,6.57,6.65,6.55,6.18,6.27,6.28,6.19,5.63,5.37,5.33,6.87,4.59,6.73,5.01,5.24,7.82,6.34,5.39
Bahrain,25,23.3,20.8,27.3,26.9,26.3,27,29.1,30,28.3,28.3,20.2,21.6,21.6,21.6,22.3,20.3,25.9,26.7,23.7,23.5,22.4,21,23.7,23.3,23.8
Bangladesh,0.137,0.14,0.143,0.146,0.156,0.183,0.183,0.193,0.189,0.2,0.208,0.239,0.242,0.248,0.263,0.271,0.296,0.299,0.314,0.337,0.366,0.379,0.402,0.405,0.427,0.467
Barbados,4.1,4.59,3.71,4.17,2.8,3.03,3.09,3.32,4.09,4.3,4.24,4.36,4.39,4.54,4.62,4.78,4.84,4.89,5.76,5.69,5.19,5.36,5.15,5.06,4.37,4.36
Belarus,10.3,9.56,8.87,7.66,6.37,5.76,5.9,6.25,5.96,5.75,5.62,5.67,5.72,5.91,6.32,6.5,6.82,6.78,7.03,6.57,6.79,6.68,6.77,6.85,6.77,6.29
Belgium,12.1,12.3,12.2,12,12.3,12.4,12.7,12.1,12.7,12.2,12.3,12.2,12.2,12.3,12.3,11.9,11.7,11.3,11.2,9.93,10.4,9.48,9.17,9.11,8.55,8.84
Belize,1.66,2.13,1.83,1.91,1.85,1.82,1.44,1.75,1.61,1.46,1.6,1.75,1.65,1.61,1.42,1.49,1.52,1.59,1.42,1.86,1.67,1.82,1.41,1.49,1.4,1.61
Benin,0.137,0.154,0.162,0.197,0.214,0.216,0.202,0.191,0.185,0.232,0.229,0.253,0.282,0.31,0.32,0.297,0.452,0.511,0.49,0.504,0.537,0.517,0.477,0.488,0.508,0.555
Bhutan,0.242,0.33,0.385,0.325,0.379,0.442,0.527,0.683,0.651,0.642,0.646,0.612,0.653,0.576,0.455,0.583,0.568,0.56,0.597,0.543,0.678,0.964,1.1,1.2,1.33,1.34
Bolivia,0.835,0.853,0.925,1.07,1.15,1.29,1.26,1.37,1.35,1.26,1.31,0.999,1.18,1.24,1.22,1.31,1.59,1.27,1.34,1.38,1.49,1.57,1.79,1.79,1.87,1.81
Bosnia and Herzegovina,4.36,3.16,3.55,3.09,0.815,0.889,1.13,2.24,2.83,2.76,3.66,3.53,3.77,3.82,4.11,4.26,4.62,4.65,5.32,5.5,5.71,6.5,6.15,6.16,5.55,5.39
Botswana,2.1,1.99,2.04,2.29,2.11,2.07,1.83,1.82,2.12,1.96,2.3,2.3,2.33,2.21,2.21,2.28,2.25,2.26,2.35,1.98,2.28,2,2.49,2.75,3.28,2.56
Brazil,1.39,1.43,1.42,1.46,1.5,1.58,1.71,1.78,1.82,1.84,1.86,1.88,1.83,1.75,1.81,1.84,1.82,1.88,1.98,1.86,2.1,2.18,2.31,2.46,2.59,2.42
Brunei,23.9,19.9,19,17.6,16.2,16.1,15.6,15.8,16.2,11.7,13.8,12.9,12.3,12.7,13.6,13.3,12.8,22.2,23.7,20.2,20.8,24.3,23.8,18.9,21.8,16.8
Bulgaria,8.66,6.98,6.57,6.72,6.61,6.88,7,6.78,6.54,5.74,5.66,6.17,5.87,6.47,6.4,6.59,6.8,7.35,7.18,6.12,6.44,7.2,6.59,5.84,6.23,6.69
Burkina Faso,0.0662,0.0693,0.0678,0.0656,0.0658,0.0619,0.068,0.0753,0.0783,0.0811,0.0889,0.0831,0.0815,0.085,0.0845,0.0837,0.0982,0.112,0.118,0.121,0.131,0.133,0.158,0.168,0.166,0.182
Burundi,0.0384,0.0428,0.0381,0.0392,0.0398,0.0398,0.0399,0.0407,0.0403,0.0404,0.0425,0.0315,0.0317,0.0233,0.0278,0.0209,0.0246,0.0238,0.0235,0.0227,0.0355,0.047,0.0411,0.0419,0.0383,0.0386
Cambodia,0.141,0.141,0.14,0.139,0.142,0.145,0.146,0.135,0.167,0.16,0.163,0.181,0.175,0.185,0.187,0.209,0.223,0.253,0.274,0.324,0.352,0.351,0.361,0.365,0.427,0.545
Cameroon,0.0532,0.00465,0.218,0.224,0.215,0.236,0.257,0.22,0.213,0.199,0.216,0.209,0.203,0.22,0.223,0.203,0.206,0.305,0.282,0.334,0.328,0.295,0.274,0.22,0.293,0.333
Canada,16.8,16.2,16.5,16.4,16.7,17,17.3,17.6,17.8,18.1,18.7,18.3,18.3,18.7,18.4,17.9,17.6,18.1,17.3,16.1,16.3,16.4,16.3,16.4,16.2,16
Cape Verde,0.282,0.286,0.299,0.301,0.302,0.313,0.362,0.363,0.382,0.436,0.505,0.539,0.621,0.685,0.723,0.95,1.01,1.07,0.976,1.08,1.13,1.23,1,0.975,0.948,0.943
Central African Republic,0.0706,0.0713,0.0731,0.0734,0.0749,0.0728,0.0709,0.0724,0.0717,0.0742,0.0735,0.066,0.0646,0.0605,0.0593,0.0581,0.0605,0.0603,0.0592,0.0583,0.0602,0.0631,0.0661,0.0643,0.0649,0.0653
Chad,0.0633,0.0625,0.064,0.0614,0.06,0.0602,0.0602,0.0601,0.0595,0.0592,0.0584,0.0579,0.0565,0.0794,0.0769,0.0759,0.0757,0.079,0.083,0.0815,0.0834,0.0664,0.0707,0.0715,0.0717,0.0694
Chile,2.48,2.31,2.35,2.46,2.67,2.86,3.27,3.75,3.8,4.02,3.79,3.39,3.48,3.47,3.69,3.77,3.91,4.28,4.24,3.91,4.18,4.53,4.58,4.65,4.36,4.55
China,2.06,2.13,2.2,2.33,2.45,2.63,2.73,2.71,2.57,2.54,2.6,2.64,2.9,3.39,3.88,4.34,4.77,5.1,5.45,5.7,6.22,6.83,6.97,7.04,7.02,6.91
Colombia,1.72,1.68,1.79,1.81,1.87,1.62,1.61,1.71,1.7,1.41,1.42,1.39,1.36,1.38,1.3,1.41,1.44,1.41,1.52,1.62,1.69,1.67,1.73,1.98,1.83,1.96
Comoros,0.151,0.156,0.151,0.155,0.151,0.154,0.158,0.161,0.171,0.173,0.189,0.185,0.18,0.226,0.239,0.228,0.258,0.16,0.162,0.196,0.234,0.192,0.198,0.237,0.203,0.217
"Congo, Dem. Rep.",0.123,0.0873,0.0753,0.0686,0.0423,0.0506,0.0541,0.0428,0.0369,0.0287,0.019,0.0159,0.0171,0.0202,0.0217,0.0264,0.0275,0.029,0.03,0.0272,0.0304,0.0366,0.0342,0.0496,0.0628,0.0367
"Congo, Rep.",0.501,0.519,0.628,0.599,0.813,0.575,0.614,0.817,0.263,0.27,0.335,0.238,0.174,0.269,0.271,0.268,0.296,0.31,0.323,0.416,0.459,0.51,0.653,0.695,0.656,0.649
Costa Rica,0.934,1.03,1.14,1.15,1.5,1.36,1.29,1.32,1.38,1.4,1.36,1.41,1.52,1.57,1.61,1.56,1.6,1.79,1.77,1.7,1.62,1.56,1.53,1.59,1.6,1.51
Cote d'Ivoire,0.401,0.349,0.3,0.384,0.301,0.431,0.501,0.464,0.423,0.371,0.393,0.439,0.404,0.292,0.409,0.409,0.363,0.341,0.336,0.275,0.296,0.302,0.387,0.432,0.43,0.405
Croatia,4.89,3.61,3.49,3.61,3.49,3.67,3.83,4.1,4.3,4.52,4.45,4.73,4.99,5.31,5.23,5.35,5.4,5.72,5.44,5.04,4.87,4.8,4.45,4.32,4.16,4.22
Cuba,3.09,2.71,1.96,1.84,1.97,2.35,2.46,2.23,2.21,2.27,2.33,2.27,2.32,2.26,2.21,2.3,2.34,2.29,2.47,2.5,3.02,2.6,2.62,2.46,2.43,2.57
Cyprus,6.08,6.57,6.9,7.05,7.18,6.88,7.14,7.1,7.28,7.43,7.56,7.3,7.37,7.64,7.74,7.79,7.84,8.01,8.03,7.68,7.25,6.89,6.36,5.72,6.01,5.99
Czech Republic,15.9,14.4,14,13.4,12.8,12.7,13,12.7,12.1,11.3,12.4,12.4,12.1,12.5,12.5,12.3,12.3,12.4,11.8,11,11.2,10.9,10.5,10.1,9.83,9.89
Denmark,10.4,12.5,11.3,11.7,12.4,11.8,14.3,12.4,11.6,11,10.2,10.4,10.3,11.3,10.2,9.51,10.9,10,9.33,8.84,8.86,7.93,7.11,7.41,6.63,6.19
Djibouti,0.547,0.556,0.549,0.545,0.53,0.524,0.518,0.527,0.501,0.487,0.511,0.5,0.535,0.555,0.528,0.529,0.517,0.574,0.611,0.554,0.615,0.554,0.553,0.629,0.661,0.665
Dominica,0.833,0.834,0.832,0.88,0.929,1.13,1.03,1.14,1.1,1.16,1.47,1.58,1.47,1.67,2.03,2.03,2.02,2.59,2.33,2.28,2.43,2.17,2.33,2.38,2.48,2.47
Dominican Republic,1.28,1.37,1.46,1.55,1.61,2.02,2.16,2.22,2.22,2.21,2.31,2.28,2.42,2.4,2.02,2.02,2.11,2.22,2.14,2.07,2.12,2.17,2.17,2.09,2.12,2.29
Ecuador,1.63,1.57,2.07,2.2,1.21,1.98,2.05,1.52,1.83,1.72,1.62,1.78,1.88,2,2.12,2.17,2.03,2.21,2.29,2.4,2.39,2.35,2.06,2.59,2.85,2.63
Egypt,1.34,1.35,1.36,1.54,1.39,1.52,1.47,1.66,1.84,1.85,2.04,1.77,1.76,2.01,2.01,2.19,2.29,2.38,2.45,2.5,2.4,2.53,2.49,2.37,2.47,2.37
El Salvador,0.47,0.591,0.613,0.725,0.812,0.889,0.777,0.943,0.989,0.957,0.964,0.989,1.02,1.07,1.04,1.04,1.11,1.12,1.05,1.03,1.02,1.05,1.04,0.973,0.981,1.07
Equatorial Guinea,0.149,0.152,0.148,0.151,0.161,0.17,0.249,0.567,0.328,0.838,0.756,6.86,9.65,11.2,9.85,10,10.4,9.57,7.47,7.52,7.31,9.52,6.77,7.15,6.51,5.16
Eritrea,,,,,0.319,0.359,0.392,0.35,0.266,0.275,0.264,0.264,0.242,0.273,0.281,0.27,0.187,0.187,0.131,0.159,0.157,0.174,0.19,0.191,0.205,0.201
Estonia,23.7,22,16.1,12.8,13.7,12.7,13.4,13.1,12,11.2,11,11.3,11,12.5,12.7,12.6,12.2,14.9,13.3,10.9,14.3,14.4,13.6,14.9,14.4,12.1
Eswatini,1.17,1.04,0.964,0.801,1.19,1.15,1.02,1.25,1.24,1.25,1.19,1.13,1.11,1.03,1.01,1,0.995,1.03,1.06,1.01,0.995,1,1.15,1.4,0.824,0.89
Ethiopia,0.0624,0.0597,0.0572,0.0562,0.0398,0.044,0.0475,0.0491,0.0504,0.0481,0.0524,0.0626,0.0632,0.0675,0.0695,0.065,0.0678,0.0724,0.0775,0.0761,0.0724,0.0765,0.0874,0.104,0.121,0.128
Fiji,1.11,0.902,0.995,0.986,0.966,0.973,1.04,0.988,0.952,0.962,1.03,1.29,1.08,1.27,1.64,1.32,1.45,1.37,1.04,0.913,1.4,1.24,1.2,1.52,1.87,2.45
Finland,11.4,11,10.8,11.1,12.1,11.4,12.5,12.2,11.5,11.4,11,12,12.5,13.9,13.2,10.9,13,12.6,11,10.5,12,10.5,9.47,9.52,8.73,8.06
France,7.08,7.5,7.28,6.9,6.79,6.88,7.13,6.98,7.29,7.19,7.06,7.09,6.96,7.02,6.99,6.99,6.77,6.56,6.42,6.12,6.2,5.78,5.76,5.75,5.23,5.3
Gabon,4.73,4.64,4.91,4.83,4.14,4.25,4.27,4.19,4.24,4,3.8,3.8,3.53,3.5,3.44,3.5,2.9,2.78,2.74,2.69,2.94,2.92,2.88,2.9,2.82,2.69
Gambia,0.207,0.199,0.193,0.197,0.191,0.192,0.189,0.186,0.195,0.215,0.209,0.221,0.214,0.207,0.216,0.211,0.221,0.215,0.217,0.219,0.241,0.242,0.239,0.22,0.254,0.251
Georgia,5.09,3.98,2.88,1.91,1.19,0.461,0.837,0.94,1.08,0.968,1.03,0.87,0.788,0.882,1.01,1.19,1.46,1.53,1.28,1.49,1.52,1.91,2.03,1.98,2.18,2.38
Germany,13.3,12.8,12.1,11.9,11.6,11.6,11.8,11.5,11.4,11,11.1,11.3,11.1,11.1,10.9,10.6,10.8,10.5,10.5,9.76,10.3,10,10.1,10.3,9.74,9.74
Ghana,0.257,0.277,0.234,0.268,0.308,0.303,0.313,0.347,0.341,0.339,0.317,0.341,0.357,0.359,0.336,0.312,0.41,0.419,0.379,0.31,0.392,0.443,0.551,0.533,0.542,0.579
Greece,8.16,8.09,8.16,8,8.12,8.1,8.23,8.61,9,8.89,9.3,9.47,9.4,9.73,9.76,10.2,10.1,10.3,10.1,9.53,8.95,8.74,8.49,7.62,7.36,7.04
Grenada,1.1,1.14,1.21,1.23,1.44,1.5,1.52,1.66,1.73,1.9,1.85,1.88,1.98,2.08,1.97,2.07,2.2,2.27,2.4,2.39,2.45,2.37,2.53,2.81,2.16,2.38
Guatemala,0.537,0.523,0.61,0.562,0.664,0.681,0.618,0.69,0.777,0.774,0.839,0.859,0.879,0.836,0.874,0.925,0.91,0.887,0.778,0.8,0.759,0.752,0.758,0.807,0.852,0.95
Guinea,0.158,0.157,0.158,0.158,0.159,0.16,0.166,0.168,0.174,0.178,0.181,0.186,0.189,0.194,0.198,0.2,0.203,0.207,0.205,0.212,0.244,0.249,0.228,0.194,0.194,0.215
Guinea-Bissau,0.177,0.176,0.176,0.176,0.172,0.168,0.165,0.178,0.149,0.165,0.122,0.123,0.123,0.151,0.154,0.158,0.157,0.164,0.157,0.158,0.157,0.157,0.158,0.156,0.16,0.16
Guyana,1.53,1.51,1.4,1.39,1.83,1.92,2,2.1,2.2,2.24,2.16,2.14,2.12,2.1,2.18,1.93,1.73,2.09,2.09,2.09,2.29,2.37,2.64,2.55,2.63,2.61
Haiti,0.141,0.136,0.121,0.092,0.0241,0.113,0.129,0.168,0.151,0.158,0.159,0.181,0.206,0.192,0.217,0.223,0.223,0.249,0.245,0.228,0.211,0.207,0.214,0.221,0.264,0.272
Honduras,0.514,0.52,0.578,0.519,0.594,0.671,0.663,0.676,0.737,0.73,0.751,0.831,0.865,0.938,0.995,0.996,0.978,1.1,1.06,0.943,0.954,1.02,1.04,1.05,1.04,1.08
Hungary,7.08,6.74,6.03,6.14,5.98,5.96,6.12,6,5.97,6.04,5.73,5.91,5.83,6.11,5.98,6,5.96,5.85,5.75,5.21,5.26,5.09,4.75,4.46,4.48,4.78
Iceland,8.78,8.23,8.71,9.23,8.92,9.22,9.34,9.6,9.58,10.2,10.5,10.1,10.5,10.4,10.7,10.1,10.5,11.5,12.2,11.8,11.3,10.8,10.7,10.7,10.5,10.7
India,0.707,0.737,0.769,0.78,0.809,0.843,0.895,0.915,0.916,0.96,0.975,0.964,0.959,0.983,1.01,1.06,1.11,1.18,1.29,1.41,1.38,1.45,1.56,1.56,1.7,1.76
Indonesia,0.829,0.979,1.09,1.15,1.15,1.15,1.28,1.39,1.05,1.17,1.26,1.39,1.42,1.44,1.52,1.52,1.51,1.62,1.77,1.88,1.77,2.07,2.12,1.63,1.44,1.96
Iran,3.72,3.92,3.86,3.95,4.35,4.42,4.4,4.23,4.79,5.86,5.63,5.95,5.92,6.08,6.42,6.65,7.15,7.2,7.42,7.51,7.65,7.76,7.96,7.97,8.29,8.17
Iraq,2.82,2.53,3.2,3.33,3.64,3.68,3.34,3.18,3.26,3.15,3.05,3.5,3.47,3.54,4.32,4.2,3.58,2.2,3.25,3.57,3.73,4.41,4.8,4.94,4.8,4.66
Ireland,9.38,9.57,9.48,9.5,9.76,9.98,10.3,10.6,11,11.4,12,12.4,11.8,11.5,11.4,11.6,11.3,11,10.7,9.38,9.16,8.28,8.29,8.06,7.93,8.27
Israel,8.06,7.88,8.86,8.98,9.31,9.47,9.58,9.86,9.84,9.41,10,10.4,9.62,9.95,9.18,8.66,9.31,9.18,9.69,8.89,9.3,9.17,9.83,8.41,7.88,8.15
Italy,7.71,7.7,7.66,7.53,7.43,7.9,7.79,7.89,8.11,8.2,8.3,8.38,8.36,8.53,8.54,8.49,8.36,8.16,7.94,7.06,7.19,6.95,6.56,6.06,5.77,5.88
Jamaica,3.11,3.18,3.14,3.22,3.27,3.62,3.79,3.9,3.72,3.79,3.89,3.96,3.79,3.94,3.88,3.78,4.15,3.48,3.57,2.73,2.54,2.72,2.58,2.78,2.54,2.62
Japan,9.31,9.37,9.42,9.34,9.75,9.82,9.89,9.82,9.49,9.76,9.93,9.8,10,10.1,10,10.1,9.88,10.1,9.59,9.05,9.46,9.85,10.2,10.3,9.88,9.58
Jordan,2.94,2.64,3.02,2.8,3.01,2.88,2.92,2.91,2.89,2.84,2.97,2.99,3.09,3.13,3.35,3.55,3.43,3.43,3.16,3.1,2.84,2.77,2.95,2.8,2.91,2.75
Kazakhstan,16.3,15.7,14.3,12.7,10.7,10.3,9.54,9.1,8.9,7.2,8.95,8.57,9.76,10.8,11.2,11.9,13.3,13.6,13.4,13,14.5,13.8,14,14.1,14.8,15
Kenya,0.24,0.192,0.213,0.238,0.238,0.267,0.32,0.276,0.327,0.323,0.323,0.281,0.232,0.19,0.209,0.228,0.248,0.247,0.249,0.293,0.28,0.3,0.271,0.281,0.295,0.341
Kiribati,0.304,0.299,0.343,0.387,0.383,0.377,0.372,0.366,0.36,0.354,0.391,0.342,0.462,0.495,0.527,0.636,0.7,0.608,0.668,0.545,0.57,0.525,0.483,0.476,0.536,0.562
Kuwait,18.1,7.35,15.5,27.7,33.3,34,30.7,32,28.2,27.6,26.1,27.4,27.2,27.6,28.7,31.4,30.9,29.9,31,30.8,29.9,27.3,29.9,26.8,23.8,24.1
Kyrgyz Republic,4.85,4.21,2.49,1.9,1.36,0.989,1.22,1.19,1.24,0.957,0.936,0.779,0.986,1.07,1.15,1.09,1.06,1.26,1.44,1.26,1.17,1.37,1.78,1.69,1.73,1.73
Lao,0.121,0.125,0.132,0.132,0.134,0.138,0.152,0.157,0.16,0.162,0.18,0.196,0.212,0.218,0.226,0.233,0.3,0.308,0.352,0.434,0.48,0.499,0.528,0.613,0.653,1.31
Latvia,7.33,6.72,5.38,4.58,4.05,3.63,3.7,3.53,3.41,3.2,2.97,3.17,3.22,3.35,3.4,3.47,3.74,3.93,3.78,3.48,4.04,3.73,3.64,3.61,3.56,3.65
Lebanon,2.81,2.78,3.16,3.19,3.27,3.48,3.53,4.13,4.41,4.39,4.03,4.11,3.89,4.23,3.77,3.55,3.11,2.89,3.66,4.36,4.04,3.9,4.04,3.76,3.79,3.69
Lesotho,0.865,0.878,0.891,0.898,0.9,0.9,0.899,0.9,0.903,0.904,0.911,0.922,0.939,0.957,0.989,1.01,1.02,1.04,1.07,1.11,1.14,1.16,1.19,1.19,1.19,1.14
Liberia,0.226,0.182,0.194,0.215,0.212,0.208,0.201,0.195,0.192,0.145,0.148,0.152,0.144,0.152,0.174,0.204,0.202,0.181,0.148,0.127,0.196,0.212,0.233,0.207,0.273,0.27
Libya,8.24,9.39,7.97,8.15,9.02,9.24,8.7,8.74,8.7,8.4,8.74,8.78,8.59,8.69,8.76,8.92,8.95,8.26,9.14,9.33,9.87,6.29,8.34,8.87,9.23,8.79
Liechtenstein,6.92,7.08,7.01,7.18,6.62,6.62,6.57,6.87,7.1,6.92,6.54,6.4,6.5,6.72,6.66,6.6,6.61,5.71,6.19,5.75,5.31,4.87,5.07,5.22,4.33,4.25
Lithuania,9.69,10.3,5.75,4.45,4.32,4.14,4.35,4.21,4.47,3.8,3.37,3.6,3.66,3.69,3.9,4.22,4.36,4.84,4.7,4.05,4.39,4.57,4.65,4.36,4.34,4.48
Luxembourg,31.1,32.3,31.2,31.2,28.7,22.5,22.3,20.4,18.1,18.9,20,21,22.6,23.4,26.2,26.5,25.7,23.9,23.1,21.5,22.1,21.4,20.5,19,17.7,16.5
Madagascar,0.0802,0.0846,0.0798,0.0794,0.0954,0.0955,0.0965,0.113,0.116,0.119,0.119,0.107,0.0735,0.0973,0.101,0.0942,0.0883,0.0918,0.0935,0.0853,0.0917,0.109,0.123,0.137,0.139,0.149
Malawi,0.0786,0.0818,0.0811,0.0906,0.0929,0.0922,0.0903,0.0924,0.0874,0.0849,0.0776,0.0693,0.0723,0.0754,0.0742,0.0718,0.0708,0.0727,0.0793,0.0775,0.0707,0.0762,0.0737,0.0734,0.0628,0.0669
Malaysia,3.16,3.69,3.92,4.66,4.66,5.86,5.9,5.74,5.17,4.78,5.46,5.7,5.64,6.37,6.82,7.08,6.83,6.85,7.44,7.11,7.68,7.6,7.43,7.96,8.08,7.71
Maldives,0.772,0.67,0.978,0.816,0.797,0.981,1.12,1.25,1.12,1.54,1.61,1.61,2.02,1.67,2.14,1.88,2.32,2.33,2.46,2.5,2.56,2.59,2.8,2.63,3.03,2.86
Mali,0.0501,0.0503,0.0507,0.0506,0.0501,0.0492,0.0502,0.0524,0.0743,0.0755,0.076,0.0745,0.0739,0.0716,0.072,0.0718,0.0819,0.0951,0.11,0.122,0.131,0.139,0.144,0.161,0.172,0.178
Malta,5.37,5.79,6.27,6.26,6.65,6.58,6.41,6.47,6.42,6.49,6.42,6.13,6.08,6.56,6.31,6.42,6.41,6.58,6.74,6.15,6.12,6.26,6.58,5.73,5.64,3.96
Marshall Islands,,,1.56,1.69,1.68,1.74,1.74,1.74,1.82,1.75,1.95,2,2.1,1.99,2.15,2.06,2.17,2.22,2.29,2.35,2.41,2.47,2.39,2.45,2.5,2.49
Mauritania,0.42,0.416,0.423,0.422,0.424,0.439,0.448,0.443,0.429,0.428,0.424,0.434,0.45,0.452,0.472,0.475,0.457,0.512,0.538,0.578,0.561,0.587,0.629,0.536,0.636,0.609
Mauritius,1.39,1.42,1.58,1.62,1.46,1.62,1.71,1.73,1.86,2.06,2.27,2.4,2.4,2.53,2.54,2.7,2.96,2.99,3.04,2.98,3.14,3.13,3.17,3.24,3.35,3.35
Mexico,3.78,3.86,3.82,3.82,3.9,3.62,3.72,3.9,4.05,4.01,4.01,4.1,4.05,4.25,4.2,4.38,4.43,4.4,4.45,4.24,4.07,4.19,4.24,4.13,4,3.96
"Micronesia, Fed. Sts.",,,0.977,0.953,0.968,0.989,0.982,1.01,1.08,1.02,1.16,1.57,1.34,1.34,1.34,1.14,1.15,1.26,1.06,1.42,0.998,1.13,1.19,1.28,1.26,1.31
Moldova,6.36,5.12,4.8,3.63,2.85,2.63,2.71,1.7,1.52,1.11,0.851,0.905,0.971,1.06,1.11,1.19,1.21,1.21,1.26,1.11,1.18,1.21,1.17,1.2,1.16,1.18
Mongolia,4.53,5.47,4.9,4.1,3.48,3.44,3.47,3.29,3.27,3.17,3.13,3.26,3.38,3.25,3.44,3.4,3.68,4.66,4.57,4.89,5.09,7.74,12.4,15.1,10.1,7.76
Montenegro,3.12,2.21,2.4,2.09,2.03,2.14,2.51,2.7,2.85,1.97,2.48,2.72,2.88,3.07,3.32,2.84,3.34,3.32,4.2,2.7,3.88,3.85,3.54,3.44,3.36,3.57
Morocco,0.93,0.964,0.994,1.06,1.09,1.1,1.11,1.12,1.11,1.14,1.17,1.29,1.29,1.26,1.44,1.5,1.54,1.61,1.68,1.65,1.74,1.73,1.78,1.74,1.75,1.76
Mozambique,0.0782,0.0762,0.0726,0.0749,0.0708,0.0717,0.0684,0.0714,0.0662,0.0677,0.0747,0.0853,0.0821,0.0961,0.0937,0.0865,0.0909,0.101,0.0979,0.107,0.112,0.129,0.12,0.159,0.314,0.233
Myanmar,0.103,0.0988,0.114,0.124,0.143,0.157,0.162,0.165,0.176,0.194,0.215,0.184,0.192,0.203,0.255,0.236,0.259,0.258,0.195,0.202,0.259,0.296,0.232,0.25,0.31,0.421
Namibia,,0.715,0.759,0.894,0.988,0.996,1.04,1.04,1.05,0.944,0.915,1.11,0.951,0.997,1.03,1.19,1.18,1.18,1.63,1.47,1.46,1.28,1.53,1.17,1.63,1.71
Nauru,13.1,12.8,12.1,11.1,10.5,10,9.62,9.65,9.37,8.77,8.16,7.89,7.62,6.61,6.66,6.33,4.48,4.47,4.45,4.06,4.4,4.01,3.98,4.31,4.63,4.6
Nepal,0.0406,0.0553,0.0648,0.0718,0.0809,0.112,0.111,0.122,0.0965,0.136,0.127,0.133,0.105,0.112,0.104,0.119,0.0971,0.0978,0.127,0.156,0.181,0.195,0.205,0.234,0.285,0.223
Netherlands,10.9,11.3,11.3,11.2,11.2,11.2,11.7,11.2,11.2,10.8,10.8,11.1,11,11.1,11.1,10.9,10.5,10.5,10.6,10.2,10.9,10.1,9.89,9.85,9.41,9.83
New Zealand,7.5,7.59,8.03,7.78,7.7,7.63,7.89,8.35,7.91,8.25,8.38,8.83,8.75,9.05,8.82,9.1,8.96,8.65,8.79,8.05,8.01,7.77,8.06,7.82,7.81,7.77
Nicaragua,0.49,0.466,0.544,0.512,0.553,0.593,0.601,0.645,0.691,0.722,0.735,0.763,0.765,0.82,0.817,0.786,0.802,0.815,0.771,0.774,0.768,0.815,0.76,0.718,0.749,0.844
Niger,0.0751,0.0688,0.0618,0.068,0.0633,0.0592,0.0654,0.0635,0.0662,0.0625,0.0612,0.0555,0.057,0.0596,0.0616,0.052,0.0486,0.0489,0.0527,0.0608,0.0711,0.0773,0.0986,0.102,0.107,0.101
Nigeria,0.408,0.43,0.462,0.437,0.332,0.31,0.333,0.362,0.325,0.332,0.645,0.692,0.734,0.759,0.73,0.762,0.687,0.645,0.631,0.486,0.713,0.8,0.701,0.711,0.725,0.627
North Korea,6.04,5.69,4.92,4.46,4.02,3.72,3.24,2.92,2.61,2.82,3.02,3.1,2.94,2.98,3.02,3.14,3.17,2.63,2.9,2.19,2.04,1.47,1.52,1.08,1.22,0.978
North Macedonia,7.16,5.08,5.55,5.13,5.2,5.39,5.9,5.32,6.27,5.79,5.93,5.87,5.34,5.51,5.44,5.47,5.3,4.6,4.55,4.2,4.15,4.49,4.25,3.79,3.63,3.41
Norway,8.32,7.93,8.1,8.4,8.78,8.87,9.53,9.49,9.5,9.61,9.46,9.71,9.46,9.71,9.72,9.5,9.53,9.81,9.52,9.1,9.47,9.2,8.99,8.86,8.74,8.72
Oman,6.2,6.13,6,6.39,7.01,7.14,6.66,6.78,7.24,9.12,9.5,8.77,10.8,13.4,11.3,11.7,15.1,16.4,15.3,14.1,15.4,16.4,16.8,16.2,15,15.1
Pakistan,0.631,0.61,0.633,0.66,0.699,0.676,0.735,0.716,0.718,0.718,0.741,0.734,0.756,0.768,0.83,0.841,0.877,0.929,0.906,0.885,0.925,0.917,0.889,0.895,0.915,0.926
Palau,,,12.5,12.2,11.8,11.5,11.3,11,10.8,10.5,10.9,11.2,10.8,10.7,10.9,11.1,11.6,13.2,11,10.8,11.6,12.2,12.3,12.5,12.7,12.7
Palestine,0.41,0.403,0.401,0.391,0.387,0.361,0.378,0.301,0.488,0.438,0.515,0.408,0.342,0.372,0.627,0.767,0.619,0.619,0.532,0.528,0.502,0.542,0.519,0.563,0.641,0.664
Panama,1.11,1.28,1.64,1.48,1.6,1.07,1.64,1.96,2.02,1.89,1.89,2.25,1.85,1.89,1.75,2.03,2.17,2.09,2.08,2.35,2.49,2.69,2.59,2.97,2.78,2.74
Papua New Guinea,0.467,0.459,0.453,0.443,0.431,0.397,0.412,0.473,0.513,0.428,0.456,0.537,0.572,0.634,0.706,0.675,0.648,0.899,0.688,0.713,0.638,0.7,0.653,0.662,0.727,0.91
Paraguay,0.506,0.486,0.581,0.64,0.73,0.825,0.761,0.827,0.859,0.84,0.678,0.681,0.698,0.716,0.709,0.65,0.662,0.674,0.704,0.736,0.804,0.821,0.806,0.795,0.828,0.905
Peru,0.95,0.896,0.885,1,0.97,0.975,0.978,1.08,1.08,1.12,1.14,1.01,0.995,0.954,1.14,1.32,1.01,1.22,1.43,1.78,1.97,1.67,1.84,1.53,1.67,1.69
Philippines,0.669,0.686,0.743,0.735,0.794,0.86,0.859,0.96,0.915,0.894,0.928,0.883,0.863,0.846,0.86,0.849,0.758,0.792,0.851,0.828,0.883,0.877,0.91,0.97,1.02,1.12
Poland,9.94,9.84,9.55,9.54,9.4,9.43,9.78,9.55,8.79,8.53,8.26,8.17,7.97,8.32,8.43,8.41,8.76,8.76,8.58,8.23,8.71,8.7,8.52,8.43,8.11,8.22
Portugal,4.62,4.77,5.18,5.02,5.07,5.44,5.15,5.43,5.85,6.57,6.43,6.36,6.71,6.19,6.43,6.62,6.15,5.9,5.67,5.39,5,4.9,4.75,4.6,4.61,5.04
Qatar,24.7,36.2,54.5,61.8,60.6,61.8,61.7,69.9,58.6,54.9,58.4,67.1,63.6,60.6,56.7,58.6,61.8,51.7,44.8,41.5,38.8,39.2,42.5,36,43.1,41.3
Romania,7.22,5.97,5.6,5.29,5.28,5.53,5.71,5.44,4.79,4.07,4.31,4.57,4.66,4.85,4.83,4.8,4.95,5.09,5.05,4.25,4.11,4.42,4.28,3.84,3.87,3.91
Russia,17.1,16.2,13.2,12.5,11.1,10.9,10.7,9.99,9.9,10.1,10.1,10.3,10.3,10.6,10.6,10.8,11.2,11.2,11.4,10.7,11.3,11.6,11.7,11.2,11.2,11.2
Rwanda,0.0719,0.0667,0.0715,0.0771,0.0777,0.0778,0.0774,0.0751,0.0692,0.067,0.0656,0.0634,0.0617,0.0594,0.0594,0.0583,0.0569,0.0585,0.0555,0.0571,0.0572,0.0629,0.0682,0.0724,0.0734,0.0816
Samoa,0.631,0.648,0.665,0.658,0.674,0.69,0.728,0.746,0.764,0.782,0.82,0.836,0.831,0.868,0.842,0.898,0.912,0.947,0.98,1.01,1.01,1.08,1.05,1.04,1.09,1.21
Sao Tome and Principe,0.4,0.391,0.383,0.375,0.368,0.362,0.356,0.351,0.346,0.341,0.335,0.355,0.398,0.439,0.477,0.489,0.522,0.507,0.493,0.521,0.549,0.556,0.603,0.592,0.581,0.57
Saudi Arabia,11.4,16,16.5,17.7,16.9,12.6,13.6,11.1,10.5,11.2,14.4,14,14.9,14.6,17.1,16.6,17.6,15.4,16.7,17.5,18.9,17.6,19.3,18,19.5,19.6
Senegal,0.417,0.436,0.429,0.43,0.454,0.395,0.411,0.349,0.357,0.377,0.389,0.417,0.423,0.456,0.462,0.5,0.389,0.413,0.395,0.352,0.575,0.6,0.55,0.571,0.623,0.695
Serbia,5.93,4.16,4.51,3.89,3.76,3.96,4.65,5.04,5.36,3.74,4.74,5.24,5.58,6,6.52,5.62,6.66,6.56,5.71,5.09,5.09,5.47,4.89,5,4.18,4.93
Seychelles,2.13,2.41,2.37,2.48,2.67,2.58,3.02,4.35,5.47,6.38,7.06,7.7,6.41,6.41,8.43,7.78,8.19,7.12,7.66,5.78,4.86,3.55,4.55,3.53,5.18,5.17
Sierra Leone,0.113,0.126,0.104,0.105,0.111,0.0869,0.0986,0.0922,0.0904,0.0846,0.0848,0.108,0.108,0.109,0.102,0.0818,0.106,0.0863,0.0873,0.0853,0.0897,0.113,0.128,0.151,0.163,0.126
Singapore,14.7,14.5,15.1,15.4,18,11.9,13.6,15.5,12.5,12.6,12.1,12.1,11.5,7.54,6.82,7.12,7,4.35,7.57,11.8,11.4,8.88,9.31,10.3,10.3,11
Slovak Republic,11.7,10.1,9.2,8.69,8.18,8.24,8.2,8.22,8.16,8,7.64,8.03,7.79,7.85,7.95,7.94,7.9,7.6,7.67,6.98,7.13,7.04,6.65,6.57,6.2,6.35
Slovenia,7.53,6.98,6.99,7.16,7.34,7.67,8.01,8.18,8.04,7.72,7.78,8.25,8.32,8.2,8.37,8.5,8.57,8.59,9.01,8.03,8.02,7.98,7.69,7.36,6.55,6.58
Solomon Islands,0.47,0.457,0.433,0.421,0.399,0.398,0.387,0.376,0.366,0.384,0.373,0.372,0.362,0.361,0.352,0.343,0.343,0.365,0.357,0.349,0.354,0.339,0.33,0.34,0.331,0.316
Somalia,0.101,0.0972,0.0932,0.0874,0.0853,0.0785,0.074,0.0679,0.0623,0.0575,0.0541,0.0547,0.0617,0.0605,0.0586,0.0569,0.0552,0.0549,0.0528,0.051,0.0508,0.0495,0.0479,0.0483,0.047,0.0457
South Africa,8.51,8.65,7.8,8.1,8.36,8.74,8.62,8.98,8.64,8.46,8.42,8.16,7.73,8.66,9.5,8.69,9.22,9.47,9.94,9.96,9.16,9.16,8.77,8.53,8.86,8.35
South Korea,5.77,6.05,6.44,7.27,7.69,8.26,8.78,9.27,7.8,8.48,9.41,9.41,9.67,9.59,9.88,9.44,9.53,10.1,10.3,10.3,11.4,11.8,11.7,11.8,11.6,11.7
South Sudan,0.0792,0.0752,0.0688,0.0486,0.0676,0.07,0.0707,0.0835,0.0691,0.0715,0.0744,0.0823,0.101,0.109,0.132,0.121,0.127,0.142,0.142,0.142,0.14,0.133,0.132,0.14,0.146,0.181
Spain,5.9,6.13,6.33,6.1,6.4,6.72,6.39,6.68,6.86,7.4,7.62,7.57,7.95,7.91,8.17,8.37,8.04,8.09,7.29,6.37,6.04,6.04,5.93,5.37,5.45,5.81
Sri Lanka,0.221,0.236,0.288,0.278,0.301,0.319,0.38,0.407,0.417,0.457,0.54,0.547,0.575,0.57,0.627,0.611,0.599,0.613,0.6,0.644,0.645,0.73,0.77,0.711,0.852,0.949
St. Kitts and Nevis,2.64,2.63,2.7,2.76,2.91,3.05,3.11,3.34,3.48,3.7,3.91,3.95,4.38,4.33,4.59,4.23,4.26,4.53,4.49,4.6,4.49,4.67,4.41,4.44,4.55,4.58
St. Lucia,1.17,1.2,1.06,1.61,1.77,2.1,2.17,2.02,1.92,2.15,2.22,2.2,1.82,2.24,2.2,2.24,2.22,2.3,2.33,2.24,2.32,2.32,2.3,2.29,2.28,2.29
St. Vincent and the Grenadines,0.751,0.783,0.781,0.95,1.12,1.19,1.22,1.22,1.5,1.53,1.36,1.67,1.73,1.83,2.03,2.03,2.03,2.1,2.1,2.88,2.03,1.83,2.33,1.92,2.02,2.02
Sudan,0.237,0.214,0.184,0.122,0.162,0.162,0.163,0.194,0.165,0.175,0.185,0.208,0.259,0.281,0.347,0.324,0.347,0.399,0.413,0.42,0.417,0.396,0.393,0.407,0.407,0.499
Suriname,4.29,4.9,4.83,4.77,4.7,4.67,4.65,4.64,4.58,4.56,4.66,4.96,3.24,3.16,3.16,3.18,3.44,3.44,3.75,3.82,4.53,3.36,4.16,3.83,4.03,3.06
Sweden,6.71,6.69,6.61,6.56,6.8,6.7,7.13,6.55,6.62,6.3,6.16,6.26,6.35,6.39,6.28,5.96,5.9,5.76,5.49,5.06,5.63,5.17,4.86,4.66,4.46,4.41
Switzerland,6.64,6.87,6.78,6.35,6.16,6.21,6.27,6.09,6.3,6.25,6.11,6.28,6.02,6.15,6.18,6.2,6.09,5.76,5.87,5.65,5.77,5.19,5.28,5.33,4.78,4.67
Syria,2.98,3.3,3.23,3.34,3.31,2.87,2.87,2.99,3.19,3.24,3.08,2.87,2.25,3.08,2.83,2.72,2.77,3.31,3.24,2.91,2.84,2.67,2.14,1.83,1.61,1.59
Tajikistan,1.92,1.69,1.33,0.924,0.414,0.424,0.483,0.362,0.414,0.411,0.359,0.362,0.292,0.316,0.383,0.357,0.381,0.454,0.4,0.33,0.334,0.301,0.369,0.356,0.545,0.574
Tanzania,0.0838,0.0866,0.0808,0.087,0.0717,0.0822,0.0831,0.0906,0.0778,0.0753,0.0768,0.0885,0.0988,0.102,0.113,0.14,0.149,0.14,0.142,0.132,0.154,0.171,0.196,0.225,0.225,0.244
Thailand,1.58,1.72,1.87,2.08,2.29,2.64,2.89,2.95,2.59,2.67,2.71,2.87,3,3.15,3.36,3.43,3.46,3.49,3.43,3.64,3.82,3.76,3.99,4.17,4.07,4.1
Timor-Leste,,,,,,,,,,,,,0.175,0.17,0.181,0.177,0.177,0.177,0.191,0.212,0.215,0.221,0.259,0.385,0.437,0.42
Togo,0.258,0.272,0.261,0.266,0.244,0.278,0.291,0.196,0.279,0.387,0.271,0.229,0.255,0.339,0.319,0.307,0.261,0.256,0.251,0.439,0.405,0.38,0.327,0.307,0.305,0.369
Tonga,0.81,1,0.73,0.883,0.958,0.993,0.8,1.02,0.907,1.13,0.973,0.894,1.04,1.18,1.1,1.13,1.26,1.11,1.17,1.27,1.13,0.991,1.04,1.12,1.13,1.2
Trinidad and Tobago,13.9,13.8,15.5,14.4,13.9,13.5,16.3,14.6,15.1,17.8,18.8,20.7,22.4,24.9,25.9,29.4,32.7,34.7,33.7,33.9,36,35.1,33.7,34.3,33.9,33.7
Tunisia,1.59,1.82,1.73,1.86,1.76,1.71,1.79,1.78,1.87,1.89,2.03,2.1,2.08,2.11,2.19,2.21,2.22,2.3,2.34,2.31,2.55,2.38,2.43,2.45,2.52,2.62
Turkey,2.81,2.88,2.94,3.02,2.91,3.1,3.36,3.51,3.46,3.34,3.64,3.33,3.39,3.58,3.65,3.89,4.1,4.5,4.4,4.43,4.35,4.63,4.74,4.55,4.69,4.86
Turkmenistan,11.1,9.39,8.21,6.87,8.13,8.07,7.14,7.02,7.26,8.43,8.3,8.33,8.66,9.57,9.88,10.2,10.3,11.5,11.5,10,11.2,12,12.3,12.4,12.5,12.6
Tuvalu,0.823,0.814,0.805,0.798,0.792,0.789,0.787,0.786,0.786,0.785,0.781,0.774,1.15,1.13,1.11,1.1,0.725,1.08,1.07,1.06,0.697,0.69,1.02,1.01,1,0.991
Uganda,0.044,0.0437,0.0432,0.0418,0.036,0.0458,0.0495,0.0503,0.0557,0.0563,0.0593,0.0602,0.06,0.0607,0.0627,0.0761,0.0865,0.0956,0.1,0.103,0.116,0.122,0.112,0.117,0.123,0.133
Ukraine,13.7,12.3,11.5,9.95,8.2,7.67,6.95,6.79,6.61,6.06,5.85,6.28,6.17,6.46,6.58,6.68,7.14,7.26,7.06,6.04,6.43,6.76,6.69,6.57,5.71,4.99
United Arab Emirates,28.3,29.3,28.2,30.2,31.7,29,28.7,27.4,28.7,26.2,35.7,30.5,24.1,28.5,27.5,25,23,21.6,21.7,20.9,18.3,18.9,23.8,23.7,24.2,20.7
United Kingdom,10.5,10.6,10.3,10.1,9.97,9.79,10.1,9.65,9.71,9.55,9.63,9.75,9.45,9.6,9.58,9.46,9.33,9.1,8.77,7.87,8.07,7.34,7.56,7.36,6.71,6.42
United States,20.3,19.9,20.2,20.4,20.5,20.5,21,21,20.9,20.9,21.3,20.7,20.7,20.7,20.9,20.8,20.3,20.4,19.5,17.9,18.5,17.9,17.1,17.5,17.5,16.9
Uruguay,1.28,1.45,1.63,1.4,1.26,1.41,1.67,1.69,1.72,2.02,1.59,1.51,1.37,1.36,1.68,1.73,1.99,1.79,2.46,2.37,1.88,2.27,2.55,2.21,1.96,1.94
Uzbekistan,5.39,5.4,5.2,5.3,4.84,4.53,4.57,4.53,4.95,5.01,4.91,4.9,5.03,4.91,4.82,4.43,4.47,4.39,4.47,3.8,3.64,3.9,3.91,3.43,3.44,3.31
Vanuatu,0.45,0.438,0.402,0.39,0.38,0.393,0.491,0.482,0.453,0.465,0.456,0.465,0.435,0.424,0.287,0.28,0.222,0.451,0.424,0.526,0.512,0.544,0.456,0.414,0.584,0.487
Venezuela,6.21,5.73,5.14,5.9,6.04,6.06,5.47,5.85,7.17,7.27,6.28,6.98,7.69,7.5,5.82,6.2,6.32,5.92,6.5,6.43,6.67,5.9,6.51,6.14,6.13,5.69
Vietnam,0.312,0.306,0.301,0.314,0.354,0.381,0.448,0.575,0.596,0.591,0.655,0.738,0.843,0.928,1.06,1.13,1.17,1.18,1.31,1.41,1.55,1.63,1.51,1.55,1.75,1.95
Yemen,0.814,0.743,0.763,0.633,0.629,0.695,0.681,0.709,0.734,0.812,0.832,0.895,0.844,0.901,0.955,0.985,1.02,0.974,1.01,1.08,1,0.849,0.747,0.994,0.937,0.48
Zambia,0.3,0.289,0.287,0.285,0.27,0.236,0.197,0.245,0.231,0.175,0.172,0.176,0.179,0.185,0.182,0.189,0.183,0.149,0.164,0.182,0.189,0.199,0.241,0.252,0.277,0.271
Zimbabwe,1.49,1.49,1.55,1.47,1.57,1.32,1.29,1.23,1.2,1.33,1.16,1.05,0.996,0.886,0.785,0.887,0.853,0.803,0.624,0.441,0.607,0.737,0.587,0.872,0.881,0.881
